front,back,deck,tags,source_language,target_language
"die Ansage, -n",announcement,Goethe A1,goethe-a1;source-patsytau;formal,de,en
der Anschluss,connection,Goethe A1,goethe-a1;source-patsytau;formal,de,en
an sein,to be (switched) on,Goethe A1,goethe-a1;source-patsytau,de,en
antworten,to answer,Goethe A1,goethe-a1;source-patsytau,de,en
"die Antwort, -en",answer,Goethe A1,goethe-a1;source-patsytau,de,en
"die Anzeige, -n",advert,Goethe A1,goethe-a1;source-patsytau,de,en
(sich) anziehen,to get dressed,Goethe A1,goethe-a1;source-patsytau,de,en
"das Apartment, -s",apartment,Goethe A1,goethe-a1;source-patsytau,de,en
"der Apfel, -Ä",apple,Goethe A1,goethe-a1;source-patsytau,de,en
der Appetit,…,Goethe A1,goethe-a1;source-patsytau,de,en
arbeiten,to work,Goethe A1,goethe-a1;source-patsytau;formal,de,en
"die Arbeit, -en",work,Goethe A1,goethe-a1;source-patsytau,de,en
arbeitslos,unemployed,Goethe A1,goethe-a1;source-patsytau,de,en
"der Arbeitsplatz, -ä, e",workplace,Goethe A1,goethe-a1;source-patsytau,de,en
"der Arm, -e",arm,Goethe A1,goethe-a1;source-patsytau,de,en
"der Arzt, -Ä, e",doctor,Goethe A1,goethe-a1;source-patsytau,de,en
auch,also,Goethe A1,goethe-a1;source-patsytau,de,en
auf,on,Goethe A1,goethe-a1;source-patsytau,de,en
auf,until,Goethe A1,goethe-a1;source-patsytau;lit. “until we see each other again”,de,en
auf,in,Goethe A1,goethe-a1;source-patsytau,de,en
"die Aufgabe, -n",task,Goethe A1,goethe-a1;source-patsytau,de,en
aufhören,to end,Goethe A1,goethe-a1;source-patsytau,de,en
auf sein,to be open,Goethe A1,goethe-a1;source-patsytau;informal,de,en
aufstehen,to get up,Goethe A1,goethe-a1;source-patsytau,de,en
"der Aufzug, -ü, e",lift,Goethe A1,goethe-a1;source-patsytau,de,en
"das Auge, -n",eye,Goethe A1,goethe-a1;source-patsytau,de,en
aus,from,Goethe A1,goethe-a1;source-patsytau,de,en
der Ausflug,excursion,Goethe A1,goethe-a1;source-patsytau,de,en
ausfüllen,to fill out,Goethe A1,goethe-a1;source-patsytau;formal,de,en
der Ausgang,exit,Goethe A1,goethe-a1;source-patsytau,de,en
"die Auskunft, -ü, e",information/details,Goethe A1,goethe-a1;source-patsytau;formal,de,en
das Ausland,abroad/overseas,Goethe A1,goethe-a1;source-patsytau;formal,de,en
"der Ausländer, -",foreigner,Goethe A1,"goethe-a1;source-patsytau;A little offensive, formal",de,en
ausländisch,foreign,Goethe A1,goethe-a1;source-patsytau,de,en
ausmachen,to switch off,Goethe A1,goethe-a1;source-patsytau,de,en
"die Aussage, -n",statement,Goethe A1,goethe-a1;source-patsytau,de,en
aussehen,to look,Goethe A1,goethe-a1;source-patsytau,de,en
aus sein,to be (switched) off,Goethe A1,goethe-a1;source-patsytau,de,en
aus sein,to be out,Goethe A1,goethe-a1;source-patsytau,de,en
aussteigen,to alight,Goethe A1,goethe-a1;source-patsytau,de,en
der Ausweis,identity card,Goethe A1,goethe-a1;source-patsytau,de,en
ausziehen,to take off,Goethe A1,goethe-a1;source-patsytau,de,en
sich ausziehen,to get undressed,Goethe A1,goethe-a1;source-patsytau,de,en
"das Auto, -s",car,Goethe A1,goethe-a1;source-patsytau,de,en
"die Autobahn, -en",motorway,Goethe A1,goethe-a1;source-patsytau,de,en
der Automat,machine,Goethe A1,goethe-a1;source-patsytau,de,en
automatisch,automatic,Goethe A1,goethe-a1;source-patsytau;informal,de,en
"das Baby, -s",baby,Goethe A1,goethe-a1;source-patsytau,de,en
die Bäckerei,bakery,Goethe A1,goethe-a1;source-patsytau,de,en
das Bad,bathroom,Goethe A1,goethe-a1;source-patsytau,de,en
baden,to bathe,Goethe A1,goethe-a1;source-patsytau,de,en
die Bahn,train,Goethe A1,goethe-a1;source-patsytau,de,en
der Bahnhof,train station,Goethe A1,goethe-a1;source-patsytau,de,en
der Bahnsteig,platform,Goethe A1,goethe-a1;source-patsytau,de,en
bald,soon,Goethe A1,goethe-a1;source-patsytau,de,en
der Balkon,balcony,Goethe A1,goethe-a1;source-patsytau,de,en
"die Banane, -n",banana,Goethe A1,goethe-a1;source-patsytau,de,en
die Bank,bank,Goethe A1,goethe-a1;source-patsytau,de,en
die Bank,bench,Goethe A1,goethe-a1;source-patsytau,de,en
bar,cash,Goethe A1,goethe-a1;source-patsytau,de,en
der Bauch,stomach,Goethe A1,goethe-a1;source-patsytau,de,en
"der Baum, -ä, e",tree,Goethe A1,goethe-a1;source-patsytau,de,en
"der Beamte, -n",official,Goethe A1,goethe-a1;source-patsytau;formal,de,en
bedeuten,to mean,Goethe A1,goethe-a1;source-patsytau,de,en
beginnen,to begin,Goethe A1,goethe-a1;source-patsytau,de,en
bei,next to,Goethe A1,goethe-a1;source-patsytau,de,en
bei,at,Goethe A1,goethe-a1;source-patsytau,de,en
bei uns,here / where we are,Goethe A1,goethe-a1;source-patsytau;bei uns = set phrase,de,en
bei,for,Goethe A1,goethe-a1;source-patsytau,de,en
beide,both,Goethe A1,goethe-a1;source-patsytau,de,en
"das Bein, -e",leg,Goethe A1,goethe-a1;source-patsytau,de,en
"das Beispiel, -e",example,Goethe A1,goethe-a1;source-patsytau;informal,de,en
zum Beispiel/z. B.,for example,Goethe A1,goethe-a1;source-patsytau,de,en
bekannt,well known,Goethe A1,goethe-a1;source-patsytau,de,en
"der/die Bekannte, -n",acquaintance,Goethe A1,goethe-a1;source-patsytau,de,en
bekommen,to receive,Goethe A1,goethe-a1;source-patsytau;formal,de,en
bekommen,to have,Goethe A1,"goethe-a1;source-patsytau;for food and drink, formal",de,en
bekommen,to get,Goethe A1,goethe-a1;source-patsytau;formal,de,en
benutzen,to use,Goethe A1,goethe-a1;source-patsytau,de,en
"der Beruf, -e",profession,Goethe A1,goethe-a1;source-patsytau;formal,de,en
"der Beruf, -e",occupation,Goethe A1,goethe-a1;source-patsytau,de,en
besetzt,busy,Goethe A1,goethe-a1;source-patsytau,de,en
besetzt,taken,Goethe A1,goethe-a1;source-patsytau,de,en
besichtigen,to visit,Goethe A1,goethe-a1;source-patsytau,de,en
besser,better,Goethe A1,goethe-a1;source-patsytau,de,en
best-,best,Goethe A1,goethe-a1;source-patsytau,de,en
bestellen,to order,Goethe A1,goethe-a1;source-patsytau,de,en
besuchen,to visit,Goethe A1,goethe-a1;source-patsytau;informal,de,en
"das Bett, -en",bed,Goethe A1,goethe-a1;source-patsytau,de,en
bezahlen,to pay,Goethe A1,goethe-a1;source-patsytau,de,en
das Bier,beer,Goethe A1,goethe-a1;source-patsytau,de,en
"das Bild, -er",picture,Goethe A1,goethe-a1;source-patsytau;informal,de,en
billig,cheap,Goethe A1,goethe-a1;source-patsytau,de,en
"die Birne, -n",pear,Goethe A1,goethe-a1;source-patsytau,de,en
bis,to (as far as),Goethe A1,goethe-a1;source-patsytau,de,en
bis,until,Goethe A1,goethe-a1;source-patsytau,de,en
bisschen,(a) little,Goethe A1,goethe-a1;source-patsytau,de,en
bitte,please,Goethe A1,goethe-a1;source-patsytau,de,en
"die Bitte, -n",request,Goethe A1,goethe-a1;source-patsytau,de,en
bitten,to ask,Goethe A1,goethe-a1;source-patsytau;formal,de,en
bitter,bitter,Goethe A1,goethe-a1;source-patsytau,de,en
bleiben,to stay,Goethe A1,goethe-a1;source-patsytau,de,en
"der Bleistift, -e",pencil,Goethe A1,goethe-a1;source-patsytau;informal,de,en
der Blick,view,Goethe A1,goethe-a1;source-patsytau,de,en
"die Blume, -n",flower,Goethe A1,goethe-a1;source-patsytau;informal,de,en
der Bogen,sheet,Goethe A1,goethe-a1;source-patsytau;formal,de,en
böse,angry,Goethe A1,goethe-a1;source-patsytau;formal,de,en
brauchen,to need,Goethe A1,goethe-a1;source-patsytau;informal,de,en
breit,wide,Goethe A1,goethe-a1;source-patsytau,de,en
"der Brief, -e",letter,Goethe A1,goethe-a1;source-patsytau;formal,de,en
"die Briefmarke, -n",(postage) stamp,Goethe A1,goethe-a1;source-patsytau;informal,de,en
bringen,to bring,Goethe A1,goethe-a1;source-patsytau;formal,de,en
bringen,to take,Goethe A1,goethe-a1;source-patsytau,de,en
"das Brot, -e",bread,Goethe A1,goethe-a1;source-patsytau;formal,de,en
"das Brot, -e",bread roll,Goethe A1,goethe-a1;source-patsytau,de,en
"das Brötchen, –",bread roll,Goethe A1,goethe-a1;source-patsytau;informal,de,en
"der Bruder, -ü",brother,Goethe A1,goethe-a1;source-patsytau,de,en
"das Buch, -ü, er",book,Goethe A1,goethe-a1;source-patsytau,de,en
"das Wörterbuch, -ü, er",dictionary,Goethe A1,goethe-a1;source-patsytau;formal,de,en
"der Buchstabe, -n",letter (character),Goethe A1,goethe-a1;source-patsytau,de,en
buchstabieren,to spell,Goethe A1,goethe-a1;source-patsytau;formal,de,en
"der Bus, -se",bus,Goethe A1,goethe-a1;source-patsytau,de,en
die Butter,butter,Goethe A1,goethe-a1;source-patsytau,de,en
"das Café, -s",cafe,Goethe A1,goethe-a1;source-patsytau,de,en
"die CD, -s",CD,Goethe A1,goethe-a1;source-patsytau,de,en
der Chef,boss,Goethe A1,goethe-a1;source-patsytau,de,en
circa/ca.,approximately,Goethe A1,goethe-a1;source-patsytau,de,en
"der Computer, –",computer,Goethe A1,goethe-a1;source-patsytau;informal,de,en
da,there,Goethe A1,goethe-a1;source-patsytau,de,en
da,here,Goethe A1,goethe-a1;source-patsytau,de,en
"die Dame, -n",lady,Goethe A1,goethe-a1;source-patsytau,de,en
daneben,next to it,Goethe A1,goethe-a1;source-patsytau;informal,de,en
danken,to thank,Goethe A1,goethe-a1;source-patsytau;formal,de,en
der Dank,thanks,Goethe A1,goethe-a1;source-patsytau,de,en
danke,thank you,Goethe A1,goethe-a1;source-patsytau;formal,de,en
dann,then (afterwards),Goethe A1,goethe-a1;source-patsytau,de,en
das Datum,date,Goethe A1,goethe-a1;source-patsytau;formal,de,en
dauern,to take (duration),Goethe A1,goethe-a1;source-patsytau,de,en
dein-,your,Goethe A1,goethe-a1;source-patsytau,de,en
dein-,yours,Goethe A1,goethe-a1;source-patsytau,de,en
denn,because,Goethe A1,goethe-a1;source-patsytau,de,en
das,that,Goethe A1,goethe-a1;source-patsytau,de,en
das,the,Goethe A1,goethe-a1;source-patsytau;NB: neuter,de,en
der,the,Goethe A1,"goethe-a1;source-patsytau;NB: masculine, informal",de,en
die,the,Goethe A1,"goethe-a1;source-patsytau;NB: feminine, informal",de,en
dich,you,Goethe A1,goethe-a1;source-patsytau;informal,de,en
dies-,this,Goethe A1,goethe-a1;source-patsytau,de,en
dir,you,Goethe A1,goethe-a1;source-patsytau;informal,de,en
die Disco,disco,Goethe A1,goethe-a1;source-patsytau,de,en
der Doktor,doctor,Goethe A1,goethe-a1;source-patsytau,de,en
das Doppelzimmer,double room,Goethe A1,goethe-a1;source-patsytau;formal,de,en
"das Dorf, -ö, er",village,Goethe A1,goethe-a1;source-patsytau,de,en
dort,there,Goethe A1,goethe-a1;source-patsytau,de,en
dorthin,"there (to that place, in that direction)",Goethe A1,goethe-a1;source-patsytau;formal,de,en
dorther,from there,Goethe A1,goethe-a1;source-patsytau,de,en
draußen,outside,Goethe A1,goethe-a1;source-patsytau;lit. “do we want to…”,de,en
drucken,to print,Goethe A1,goethe-a1;source-patsytau,de,en
"der Drucker, –",printer,Goethe A1,goethe-a1;source-patsytau,de,en
drücken,to press,Goethe A1,goethe-a1;source-patsytau,de,en
durch,through,Goethe A1,goethe-a1;source-patsytau;formal,de,en
"die Durchsage, -n",announcement,Goethe A1,goethe-a1;source-patsytau,de,en
dürfen,to be allowed,Goethe A1,goethe-a1;source-patsytau;formal,de,en
der Durst,thirst,Goethe A1,goethe-a1;source-patsytau;informal,de,en
(sich) duschen,to shower,Goethe A1,goethe-a1;source-patsytau,de,en
die Dusche,shower,Goethe A1,goethe-a1;source-patsytau,de,en
"die Ecke, -n",corner,Goethe A1,goethe-a1;source-patsytau,de,en
"die Ehefrau, -en",wife,Goethe A1,goethe-a1;source-patsytau,de,en
"der Ehemann, ä, er",husband,Goethe A1,goethe-a1;source-patsytau,de,en
"das Ei, -er",egg,Goethe A1,goethe-a1;source-patsytau;informal,de,en
eilig,…,Goethe A1,"goethe-a1;source-patsytau;es eilig haben = to be in a rush/hurry, informal",de,en
ein-,one / a,Goethe A1,goethe-a1;source-patsytau;informal,de,en
ein-,someone,Goethe A1,goethe-a1;source-patsytau;alt: “Ist hier jemand…”,de,en
einfach,simple,Goethe A1,goethe-a1;source-patsytau,de,en
einfach,a single (ticket),Goethe A1,goethe-a1;source-patsytau,de,en
der Eingang,entrance,Goethe A1,goethe-a1;source-patsytau,de,en
einkaufen,to go shopping,Goethe A1,goethe-a1;source-patsytau,de,en
einladen,to invite / treat,Goethe A1,goethe-a1;source-patsytau;formal,de,en
die Einladung,invitation,Goethe A1,goethe-a1;source-patsytau,de,en
noch einmal,again,Goethe A1,goethe-a1;source-patsytau,de,en
einmal,once,Goethe A1,goethe-a1;source-patsytau;formal,de,en
einsteigen,to get on (board),Goethe A1,goethe-a1;source-patsytau,de,en
der Eintritt,entry,Goethe A1,goethe-a1;source-patsytau,de,en
das Einzelzimmer,single room,Goethe A1,goethe-a1;source-patsytau;formal,de,en
die Eltern (pl.),parents,Goethe A1,goethe-a1;source-patsytau,de,en
"die E-Mail, -s",email,Goethe A1,goethe-a1;source-patsytau,de,en
"der Empfänger, –",recipient,Goethe A1,goethe-a1;source-patsytau;informal,de,en
empfehlen,to recommend,Goethe A1,goethe-a1;source-patsytau;formal,de,en
enden,to end,Goethe A1,goethe-a1;source-patsytau,de,en
das Ende,end,Goethe A1,goethe-a1;source-patsytau,de,en
entschuldigen,to excuse,Goethe A1,goethe-a1;source-patsytau;formal,de,en
die Entschuldigung,…,Goethe A1,goethe-a1;source-patsytau,de,en
er,he,Goethe A1,goethe-a1;source-patsytau,de,en
"das Ergebnis, -se",result,Goethe A1,goethe-a1;source-patsytau;formal,de,en
erklären,to explain,Goethe A1,goethe-a1;source-patsytau;informal,de,en
erlauben,allow,Goethe A1,goethe-a1;source-patsytau,de,en
"der Erwachsene, -n",adult,Goethe A1,goethe-a1;source-patsytau,de,en
erzählen,to tell,Goethe A1,goethe-a1;source-patsytau,de,en
es,it,Goethe A1,goethe-a1;source-patsytau,de,en
essen,to eat,Goethe A1,goethe-a1;source-patsytau,de,en
das Essen,food,Goethe A1,goethe-a1;source-patsytau,de,en
euer,your [pl.],Goethe A1,goethe-a1;source-patsytau,de,en
fahren,to travel,Goethe A1,goethe-a1;source-patsytau,de,en
der Fahrer,driver,Goethe A1,goethe-a1;source-patsytau,de,en
"die Fahrkarte, -n",(transport) ticket,Goethe A1,goethe-a1;source-patsytau;informal,de,en
"das Fahrrad, -ä, er",bicycle,Goethe A1,goethe-a1;source-patsytau;informal,de,en
falsch,wrong / incorrect,Goethe A1,goethe-a1;source-patsytau,de,en
"die Familie, -n",family,Goethe A1,goethe-a1;source-patsytau,de,en
der Familienname,surname,Goethe A1,goethe-a1;source-patsytau,de,en
der Familienstand,family/marital status,Goethe A1,goethe-a1;source-patsytau;informal,de,en
"die Farbe, -n",colour,Goethe A1,goethe-a1;source-patsytau,de,en
"das Fax, -e",fax,Goethe A1,goethe-a1;source-patsytau;formal,de,en
der Feierabend,end of work/home time,Goethe A1,goethe-a1;source-patsytau;… machen = set phrase for the end of work/home time,de,en
der Feiertag,bank holiday,Goethe A1,goethe-a1;source-patsytau,de,en
feiern,to celebrate,Goethe A1,goethe-a1;source-patsytau,de,en
fehlen,to be absent,Goethe A1,goethe-a1;source-patsytau,de,en
fehlen,to be missing,Goethe A1,goethe-a1;source-patsytau;formal,de,en
"der Fehler, –",mistake,Goethe A1,goethe-a1;source-patsytau,de,en
fernsehen,to watch TV,Goethe A1,goethe-a1;source-patsytau;lit. “do we want to…”,de,en
fertig,finished / ready / done,Goethe A1,goethe-a1;source-patsytau;informal,de,en
das Feuer,fire / lighter,Goethe A1,goethe-a1;source-patsytau;formal,de,en
das Fieber,fever,Goethe A1,goethe-a1;source-patsytau,de,en
"der Film, -e",film,Goethe A1,goethe-a1;source-patsytau,de,en
finden,to find,Goethe A1,goethe-a1;source-patsytau,de,en
die Firma,company,Goethe A1,goethe-a1;source-patsytau,de,en
"der Fisch, -e",fish,Goethe A1,goethe-a1;source-patsytau,de,en
"die Flasche, -n",bottle,Goethe A1,goethe-a1;source-patsytau,de,en
das Fleisch,meat,Goethe A1,goethe-a1;source-patsytau,de,en
fliegen,to fly,Goethe A1,goethe-a1;source-patsytau,de,en
abfliegen,to depart (by air),Goethe A1,goethe-a1;source-patsytau;informal,de,en
der Abflug,(flight) departure,Goethe A1,goethe-a1;source-patsytau,de,en
der Flughafen,airport,Goethe A1,goethe-a1;source-patsytau;informal,de,en
das Flugzeug,aeroplane,Goethe A1,goethe-a1;source-patsytau,de,en
"das Formular, -e",form,Goethe A1,goethe-a1;source-patsytau;formal,de,en
"das Foto, -s",photograph,Goethe A1,goethe-a1;source-patsytau,de,en
fragen,to ask,Goethe A1,goethe-a1;source-patsytau;formal,de,en
"die Frage, -n",question,Goethe A1,goethe-a1;source-patsytau,de,en
die Frau,Ms,Goethe A1,goethe-a1;source-patsytau,de,en
die Frau,woman,Goethe A1,goethe-a1;source-patsytau,de,en
die Frauen,women,Goethe A1,goethe-a1;source-patsytau,de,en
frei,free,Goethe A1,goethe-a1;source-patsytau,de,en
die Freizeit,free time,Goethe A1,goethe-a1;source-patsytau,de,en
fremd,foreign,Goethe A1,goethe-a1;source-patsytau,de,en
(sich) freuen,to look forward,Goethe A1,goethe-a1;source-patsytau,de,en
"der Freund, -e",friend,Goethe A1,goethe-a1;source-patsytau,de,en
die Freundin,friend / girlfriend,Goethe A1,goethe-a1;source-patsytau;context differentiates between friend/girlfriend,de,en
früher,earlier / in the past,Goethe A1,goethe-a1;source-patsytau,de,en
frühstücken,to have breakfast,Goethe A1,goethe-a1;source-patsytau,de,en
das Frühstück,breakfast,Goethe A1,goethe-a1;source-patsytau;informal,de,en
die Führung,tour,Goethe A1,goethe-a1;source-patsytau,de,en
für,for,Goethe A1,goethe-a1;source-patsytau;formal,de,en
"der Fuß, -ü, e",foot,Goethe A1,goethe-a1;source-patsytau,de,en
der Fußball,football,Goethe A1,goethe-a1;source-patsytau,de,en
der Garten,garden,Goethe A1,goethe-a1;source-patsytau,de,en
"der Gast, -ä, e",guest,Goethe A1,goethe-a1;source-patsytau,de,en
geben,to give,Goethe A1,goethe-a1;source-patsytau;informal,de,en
es gibt,there is/are,Goethe A1,goethe-a1;source-patsytau,de,en
geboren,born,Goethe A1,goethe-a1;source-patsytau,de,en
das Geburtsjahr,birth year,Goethe A1,goethe-a1;source-patsytau,de,en
der Geburtsort,birthplace,Goethe A1,goethe-a1;source-patsytau;formal,de,en
der Geburtstag,birthday,Goethe A1,"goethe-a1;source-patsytau;or simply ""Happy birthday!""",de,en
gefallen,to like,Goethe A1,goethe-a1;source-patsytau,de,en
gegen,into,Goethe A1,goethe-a1;source-patsytau,de,en
gegen,against,Goethe A1,goethe-a1;source-patsytau,de,en
gehen,to work/function,Goethe A1,goethe-a1;source-patsytau,de,en
gehen,to go,Goethe A1,goethe-a1;source-patsytau,de,en
gehen,to be okay,Goethe A1,goethe-a1;source-patsytau,de,en
gehören,to belong,Goethe A1,goethe-a1;source-patsytau,de,en
das Geld,money,Goethe A1,goethe-a1;source-patsytau;informal,de,en
das Gemüse,vegetables,Goethe A1,goethe-a1;source-patsytau,de,en
das Gepäck,luggage,Goethe A1,goethe-a1;source-patsytau;formal,de,en
gerade,now,Goethe A1,goethe-a1;source-patsytau,de,en
geradeaus,straight on,Goethe A1,goethe-a1;source-patsytau;formal,de,en
gern(e),…,Goethe A1,goethe-a1;source-patsytau;etwas gern tun = to like doing something,de,en
"das Geschäft, -e",shop,Goethe A1,goethe-a1;source-patsytau,de,en
"das Geschenk, -e",present,Goethe A1,goethe-a1;source-patsytau,de,en
die Geschwister (pl.),siblings,Goethe A1,goethe-a1;source-patsytau,de,en
"das Gespräch, -e",conversation/talk/call,Goethe A1,goethe-a1;source-patsytau,de,en
gestern,yesterday,Goethe A1,goethe-a1;source-patsytau,de,en
gestorben,died,Goethe A1,goethe-a1;source-patsytau,de,en
"das Getränk, -e",drink,Goethe A1,goethe-a1;source-patsytau,de,en
das Gewicht,weight,Goethe A1,goethe-a1;source-patsytau;informal,de,en
gewinnen,to win,Goethe A1,goethe-a1;source-patsytau,de,en
"das Glas, -ä, er",glass,Goethe A1,goethe-a1;source-patsytau,de,en
"das Glas, -ä, er",glasses,Goethe A1,goethe-a1;source-patsytau,de,en
glauben,to believe,Goethe A1,goethe-a1;source-patsytau;formal,de,en
glauben,to think,Goethe A1,goethe-a1;source-patsytau,de,en
gleich,same,Goethe A1,goethe-a1;source-patsytau,de,en
gleich,now,Goethe A1,goethe-a1;source-patsytau,de,en
"das Gleis, -e",platform,Goethe A1,goethe-a1;source-patsytau,de,en
das Glück,luck,Goethe A1,goethe-a1;source-patsytau,de,en
glücklich,happily,Goethe A1,goethe-a1;source-patsytau,de,en
der Glückwunsch,congratulations,Goethe A1,goethe-a1;source-patsytau,de,en
Grad (Celsius),degrees,Goethe A1,goethe-a1;source-patsytau,de,en
gratulieren,to congratulate,Goethe A1,goethe-a1;source-patsytau;informal,de,en
grillen,to (have a) barbecue,Goethe A1,goethe-a1;source-patsytau,de,en
groß,tall,Goethe A1,goethe-a1;source-patsytau,de,en
groß,large,Goethe A1,goethe-a1;source-patsytau,de,en
die Größe,size,Goethe A1,goethe-a1;source-patsytau;formal,de,en
die Großeltern (pl.),grandparents,Goethe A1,goethe-a1;source-patsytau,de,en
die Großmutter,grandmother,Goethe A1,goethe-a1;source-patsytau,de,en
der Großvater,grandfather,Goethe A1,goethe-a1;source-patsytau,de,en
"die Gruppe, -n",group,Goethe A1,goethe-a1;source-patsytau,de,en
"der Gruß, -ü, e",regards,Goethe A1,goethe-a1;source-patsytau,de,en
gültig,valid,Goethe A1,goethe-a1;source-patsytau,de,en
günstig,cheap,Goethe A1,goethe-a1;source-patsytau,de,en
gut,good,Goethe A1,goethe-a1;source-patsytau,de,en
gut,…,Goethe A1,goethe-a1;source-patsytau,de,en
"das Haar, -e",hair,Goethe A1,goethe-a1;source-patsytau,de,en
haben,to have,Goethe A1,goethe-a1;source-patsytau,de,en
"das Hähnchen, -",chicken,Goethe A1,goethe-a1;source-patsytau,de,en
die Halbpension,half-board (dining),Goethe A1,goethe-a1;source-patsytau;formal,de,en
die Halle,hall,Goethe A1,goethe-a1;source-patsytau,de,en
hallo,hello,Goethe A1,goethe-a1;source-patsytau,de,en
halten,to stop,Goethe A1,goethe-a1;source-patsytau,de,en
"die Haltestelle, -en,",(public transport) stop,Goethe A1,goethe-a1;source-patsytau;formal,de,en
"die Hand, -ä, e",hand,Goethe A1,goethe-a1;source-patsytau,de,en
"das Handy, -s",mobile telephone,Goethe A1,goethe-a1;source-patsytau,de,en
"das Haus, -ä, er",house / building,Goethe A1,goethe-a1;source-patsytau;informal,de,en
"das Haus, -ä, er",home,Goethe A1,goethe-a1;source-patsytau,de,en
"die Hausaufgabe,-n",homework,Goethe A1,goethe-a1;source-patsytau;informal,de,en
"die Hausfrau, -en",housewife,Goethe A1,goethe-a1;source-patsytau,de,en
der Hausmann,househusband,Goethe A1,goethe-a1;source-patsytau,de,en
die Heimat,home,Goethe A1,goethe-a1;source-patsytau,de,en
heiraten,to marry,Goethe A1,goethe-a1;source-patsytau,de,en
heißen,to be called,Goethe A1,goethe-a1;source-patsytau,de,en
helfen,to help,Goethe A1,goethe-a1;source-patsytau;formal,de,en
hell,light,Goethe A1,goethe-a1;source-patsytau,de,en
der Herd,stove,Goethe A1,goethe-a1;source-patsytau,de,en
"der Herr, -en",Mister,Goethe A1,goethe-a1;source-patsytau,de,en
herzlich,…,Goethe A1,goethe-a1;source-patsytau,de,en
heute,today,Goethe A1,goethe-a1;source-patsytau,de,en
hier,here,Goethe A1,goethe-a1;source-patsytau,de,en
die Hilfe,help,Goethe A1,goethe-a1;source-patsytau;formal,de,en
hinten,at/in the back,Goethe A1,goethe-a1;source-patsytau,de,en
"das Hobby, -s",hobby,Goethe A1,goethe-a1;source-patsytau,de,en
hoch,high,Goethe A1,goethe-a1;source-patsytau,de,en
die Hochzeit,marriage,Goethe A1,goethe-a1;source-patsytau,de,en
holen,to fetch,Goethe A1,goethe-a1;source-patsytau,de,en
hören,to listen,Goethe A1,goethe-a1;source-patsytau,de,en
hören,to hear,Goethe A1,goethe-a1;source-patsytau,de,en
"das Hotel, -s",hotel,Goethe A1,goethe-a1;source-patsytau,de,en
"der Hund, -e",dog,Goethe A1,goethe-a1;source-patsytau,de,en
der Hunger,hunger,Goethe A1,goethe-a1;source-patsytau,de,en
ich,I,Goethe A1,goethe-a1;source-patsytau,de,en
ihm/ihr,him/her,Goethe A1,goethe-a1;source-patsytau,de,en
ihn,him,Goethe A1,goethe-a1;source-patsytau,de,en
immer,always,Goethe A1,goethe-a1;source-patsytau,de,en
in,in,Goethe A1,goethe-a1;source-patsytau,de,en
in,to,Goethe A1,goethe-a1;source-patsytau,de,en
"die Information, -en",information point,Goethe A1,goethe-a1;source-patsytau;formal,de,en
"die Information, -en",information,Goethe A1,goethe-a1;source-patsytau;formal,de,en
international,international,Goethe A1,goethe-a1;source-patsytau,de,en
das Internet,internet,Goethe A1,goethe-a1;source-patsytau;informal,de,en
ja,yes,Goethe A1,goethe-a1;source-patsytau;formal,de,en
"die Jacke, -n",jacket,Goethe A1,goethe-a1;source-patsytau;informal,de,en
jed-,every,Goethe A1,goethe-a1;source-patsytau;informal,de,en
jetzt,now,Goethe A1,goethe-a1;source-patsytau,de,en
"der Job, -s",job,Goethe A1,goethe-a1;source-patsytau,de,en
"der Jugendliche, -n",youth/young person,Goethe A1,goethe-a1;source-patsytau,de,en
jung,young,Goethe A1,goethe-a1;source-patsytau,de,en
"der Junge, -n",boy,Goethe A1,goethe-a1;source-patsytau,de,en
der Kaffee,coffee,Goethe A1,goethe-a1;source-patsytau,de,en
kaputt,…,Goethe A1,goethe-a1;source-patsytau;kaputt gehen = to break,de,en
kaputt,broken,Goethe A1,goethe-a1;source-patsytau,de,en
"die Karte, -n",card,Goethe A1,goethe-a1;source-patsytau,de,en
"die Karte, -n",menu,Goethe A1,goethe-a1;source-patsytau;formal,de,en
"(Kredit)-Karte, -n",(credit) card,Goethe A1,goethe-a1;source-patsytau,de,en
"die Kartoffel, -n",potato,Goethe A1,goethe-a1;source-patsytau,de,en
die Kasse,till,Goethe A1,goethe-a1;source-patsytau;formal,de,en
kaufen,to buy,Goethe A1,goethe-a1;source-patsytau,de,en
kein,no/none,Goethe A1,goethe-a1;source-patsytau,de,en
kennen,to know,Goethe A1,goethe-a1;source-patsytau;formal,de,en
kennenlernen,to get to know,Goethe A1,goethe-a1;source-patsytau;formal,de,en
"das Kind, -er",child,Goethe A1,goethe-a1;source-patsytau;formal,de,en
der Kindergarten,kindergarten,Goethe A1,goethe-a1;source-patsytau,de,en
"das Kino, -s",cinema,Goethe A1,goethe-a1;source-patsytau,de,en
der Kiosk,kiosk,Goethe A1,goethe-a1;source-patsytau;formal,de,en
klar,of course / naturally,Goethe A1,goethe-a1;source-patsytau;informal,de,en
die Klasse,class,Goethe A1,goethe-a1;source-patsytau,de,en
die Kleidung,clothes,Goethe A1,goethe-a1;source-patsytau,de,en
klein,small,Goethe A1,goethe-a1;source-patsytau,de,en
kochen,to cook,Goethe A1,goethe-a1;source-patsytau,de,en
"der Koffer, –",suitcase,Goethe A1,goethe-a1;source-patsytau,de,en
"der Kollege, -n",colleague,Goethe A1,goethe-a1;source-patsytau;NB: female,de,en
kommen,to come,Goethe A1,goethe-a1;source-patsytau;formal,de,en
können,to be able to,Goethe A1,goethe-a1;source-patsytau,de,en
das Konto,account,Goethe A1,goethe-a1;source-patsytau,de,en
der Kopf,head,Goethe A1,goethe-a1;source-patsytau,de,en
kosten,to cost,Goethe A1,goethe-a1;source-patsytau,de,en
krank,ill,Goethe A1,goethe-a1;source-patsytau,de,en
kriegen,to get,Goethe A1,goethe-a1;source-patsytau,de,en
die Küche,kitchen,Goethe A1,goethe-a1;source-patsytau,de,en
der Kuchen,cake,Goethe A1,goethe-a1;source-patsytau,de,en
der Kugelschreiber,ball-point pen,Goethe A1,goethe-a1;source-patsytau;informal,de,en
der Kühlschrank,fridge,Goethe A1,goethe-a1;source-patsytau,de,en
kulturell interessiert,interested in culture,Goethe A1,goethe-a1;source-patsytau,de,en
kulturell,cultural,Goethe A1,goethe-a1;source-patsytau,de,en
sich kümmern,to look after,Goethe A1,goethe-a1;source-patsytau,de,en
"der Kunde, -n",customer,Goethe A1,goethe-a1;source-patsytau;NB: female,de,en
"der Kurs, -e",course,Goethe A1,goethe-a1;source-patsytau,de,en
kurz,short,Goethe A1,goethe-a1;source-patsytau,de,en
lachen,to laugh,Goethe A1,goethe-a1;source-patsytau,de,en
"der Laden, -ä",shop,Goethe A1,goethe-a1;source-patsytau;formal,de,en
"das Land, -ä, er",country,Goethe A1,goethe-a1;source-patsytau,de,en
lang,long,Goethe A1,goethe-a1;source-patsytau,de,en
lange,long,Goethe A1,goethe-a1;source-patsytau,de,en
langsam,slow,Goethe A1,goethe-a1;source-patsytau;formal,de,en
laufen,to walk/run,Goethe A1,goethe-a1;source-patsytau,de,en
laut,loud,Goethe A1,goethe-a1;source-patsytau,de,en
leben,to live,Goethe A1,goethe-a1;source-patsytau,de,en
das Leben,life,Goethe A1,goethe-a1;source-patsytau,de,en
die Lebensmittel (pl.),food,Goethe A1,goethe-a1;source-patsytau;formal,de,en
ledig,single,Goethe A1,"goethe-a1;source-patsytau;NB: marital status, not relationship status, formal",de,en
legen,to put,Goethe A1,goethe-a1;source-patsytau;formal,de,en
"der Lehrer, –",teacher,Goethe A1,goethe-a1;source-patsytau,de,en
leicht,light (weight),Goethe A1,goethe-a1;source-patsytau,de,en
leicht,easy,Goethe A1,goethe-a1;source-patsytau,de,en
leider,unfortunately,Goethe A1,goethe-a1;source-patsytau,de,en
leise,quiet,Goethe A1,goethe-a1;source-patsytau,de,en
lernen,to learn,Goethe A1,goethe-a1;source-patsytau;formal,de,en
lesen,to read,Goethe A1,goethe-a1;source-patsytau,de,en
letzt-,last,Goethe A1,goethe-a1;source-patsytau,de,en
die Leute (pl.),people,Goethe A1,goethe-a1;source-patsytau,de,en
das Licht,light,Goethe A1,goethe-a1;source-patsytau,de,en
lieb-,dear,Goethe A1,goethe-a1;source-patsytau,de,en
lieben,to love,Goethe A1,goethe-a1;source-patsytau;informal,de,en
lieber,to prefer,Goethe A1,goethe-a1;source-patsytau;lieber + verb = to prefer doing something,de,en
Lieblings-,favourite,Goethe A1,goethe-a1;source-patsytau,de,en
"das Lied, -er",song,Goethe A1,goethe-a1;source-patsytau,de,en
liegen,to lie,Goethe A1,goethe-a1;source-patsytau,de,en
liegen,to lie / be located,Goethe A1,goethe-a1;source-patsytau;NB: not used for humans,de,en
links,left,Goethe A1,goethe-a1;source-patsytau;formal,de,en
"der Lkw, -s",HGV,Goethe A1,goethe-a1;source-patsytau,de,en
das Lokal,pub,Goethe A1,goethe-a1;source-patsytau,de,en
"die Lösung, -en",solution,Goethe A1,goethe-a1;source-patsytau,de,en
lustig,funny,Goethe A1,goethe-a1;source-patsytau,de,en
machen,to do,Goethe A1,goethe-a1;source-patsytau;informal,de,en
machen,to make,Goethe A1,goethe-a1;source-patsytau,de,en
machen,to come to,Goethe A1,goethe-a1;source-patsytau,de,en
machen,…,Goethe A1,goethe-a1;source-patsytau;set phrase,de,en
"das Mädchen, –",girl,Goethe A1,goethe-a1;source-patsytau,de,en
man,one / impersonal ‘you’,Goethe A1,goethe-a1;source-patsytau;NB: does not sound pretentious in German,de,en
"der Mann, -ä, er",man / husband,Goethe A1,goethe-a1;source-patsytau,de,en
männlich,male,Goethe A1,goethe-a1;source-patsytau;formal,de,en
"die Maschine, -n",machine,Goethe A1,goethe-a1;source-patsytau,de,en
das Meer,sea,Goethe A1,goethe-a1;source-patsytau,de,en
mehr,more,Goethe A1,goethe-a1;source-patsytau,de,en
mein,my,Goethe A1,goethe-a1;source-patsytau,de,en
meist-,most,Goethe A1,goethe-a1;source-patsytau,de,en
"der Mensch, -en",people,Goethe A1,goethe-a1;source-patsytau,de,en
mieten,to rent,Goethe A1,goethe-a1;source-patsytau,de,en
die Miete,rent,Goethe A1,goethe-a1;source-patsytau,de,en
die Milch,milk,Goethe A1,goethe-a1;source-patsytau,de,en
mit,with,Goethe A1,goethe-a1;source-patsytau;formal,de,en
mitbringen,to bring with one / to get (sth. for sb.),Goethe A1,goethe-a1;source-patsytau;informal,de,en
mitkommen,to come with,Goethe A1,goethe-a1;source-patsytau;informal,de,en
mitmachen,to join in,Goethe A1,goethe-a1;source-patsytau;NB: addressing a group informally,de,en
mitnehmen,to take with,Goethe A1,goethe-a1;source-patsytau,de,en
die Mitte,middle,Goethe A1,goethe-a1;source-patsytau,de,en
die Möbel (pl.),furniture,Goethe A1,goethe-a1;source-patsytau,de,en
möchten,would like to,Goethe A1,goethe-a1;source-patsytau;formal,de,en
mögen,to like,Goethe A1,goethe-a1;source-patsytau;informal,de,en
möglich,possible,Goethe A1,goethe-a1;source-patsytau,de,en
der Moment,moment,Goethe A1,goethe-a1;source-patsytau,de,en
morgen,tomorrow,Goethe A1,goethe-a1;source-patsytau,de,en
müde,tired,Goethe A1,goethe-a1;source-patsytau,de,en
der Mund,mouth,Goethe A1,goethe-a1;source-patsytau;formal,de,en
müssen,to have to,Goethe A1,goethe-a1;source-patsytau,de,en
"die Mutter, -ü",mother,Goethe A1,goethe-a1;source-patsytau,de,en
nach,to (somewhere),Goethe A1,goethe-a1;source-patsytau,de,en
nach,after / past (time),Goethe A1,goethe-a1;source-patsytau,de,en
nächst-,next,Goethe A1,goethe-a1;source-patsytau,de,en
"der Name, -n",name,Goethe A1,goethe-a1;source-patsytau,de,en
nehmen,to have (food/drink),Goethe A1,goethe-a1;source-patsytau,de,en
nehmen,to take,Goethe A1,goethe-a1;source-patsytau,de,en
nein,no,Goethe A1,goethe-a1;source-patsytau;informal,de,en
neu,new,Goethe A1,goethe-a1;source-patsytau;NB: male,de,en
nicht,not,Goethe A1,goethe-a1;source-patsytau,de,en
nicht,no,Goethe A1,goethe-a1;source-patsytau,de,en
nichts,…,Goethe A1,goethe-a1;source-patsytau;set phrase,de,en
nichts,nothing,Goethe A1,goethe-a1;source-patsytau,de,en
nie,never,Goethe A1,goethe-a1;source-patsytau,de,en
noch,still,Goethe A1,goethe-a1;source-patsytau,de,en
noch,another,Goethe A1,goethe-a1;source-patsytau,de,en
normal,normal,Goethe A1,goethe-a1;source-patsytau,de,en
"die Nummer, -n",number,Goethe A1,goethe-a1;source-patsytau;formal,de,en
nur,only,Goethe A1,goethe-a1;source-patsytau,de,en
oben,upstairs,Goethe A1,goethe-a1;source-patsytau,de,en
das Obst,fruit,Goethe A1,goethe-a1;source-patsytau,de,en
oder,or,Goethe A1,goethe-a1;source-patsytau;formal,de,en
öffnen,to open,Goethe A1,goethe-a1;source-patsytau,de,en
geöffnet,open,Goethe A1,goethe-a1;source-patsytau,de,en
oft,often,Goethe A1,goethe-a1;source-patsytau,de,en
ohne,without,Goethe A1,goethe-a1;source-patsytau,de,en
das Öl,oil,Goethe A1,goethe-a1;source-patsytau,de,en
"die Oma, -s",grandmother,Goethe A1,goethe-a1;source-patsytau,de,en
"der Opa, -s",grandfather,Goethe A1,goethe-a1;source-patsytau,de,en
die Ordnung,…,Goethe A1,goethe-a1;source-patsytau,de,en
"der Ort, -e",location / place,Goethe A1,goethe-a1;source-patsytau,de,en
das Papier,paper,Goethe A1,goethe-a1;source-patsytau,de,en
die Papiere (pl.),papers,Goethe A1,goethe-a1;source-patsytau;formal,de,en
"der Partner, -",(male) partner,Goethe A1,goethe-a1;source-patsytau,de,en
"die Partnerin, -nen",(female) partner,Goethe A1,goethe-a1;source-patsytau,de,en
die Party,party,Goethe A1,goethe-a1;source-patsytau,de,en
"der Pass, -ä, e",passport,Goethe A1,goethe-a1;source-patsytau;informal,de,en
"die Pause, -n",break,Goethe A1,goethe-a1;source-patsytau,de,en
"der Plan, -ä, e",map / plan,Goethe A1,goethe-a1;source-patsytau,de,en
"der Platz, -ä, e",seat,Goethe A1,goethe-a1;source-patsytau,de,en
"der Platz, -ä, e",square,Goethe A1,goethe-a1;source-patsytau,de,en
die Polizei,police,Goethe A1,goethe-a1;source-patsytau;formal,de,en
die Pommes frites (pl.),chips,Goethe A1,goethe-a1;source-patsytau,de,en
die Post,post office,Goethe A1,goethe-a1;source-patsytau,de,en
die Post,post / mail,Goethe A1,goethe-a1;source-patsytau,de,en
die Postleitzahl,postcode,Goethe A1,goethe-a1;source-patsytau,de,en
das Praktikum,internship,Goethe A1,goethe-a1;source-patsytau,de,en
die Praxis,practice,Goethe A1,goethe-a1;source-patsytau,de,en
"der Preis, -e",price,Goethe A1,goethe-a1;source-patsytau,de,en
"das Problem, -e",problem,Goethe A1,goethe-a1;source-patsytau,de,en
"der Prospekt, -e",brochure,Goethe A1,goethe-a1;source-patsytau;formal,de,en
die Prüfung,examination,Goethe A1,goethe-a1;source-patsytau,de,en
pünktlich,sharp,Goethe A1,goethe-a1;source-patsytau,de,en
pünktlich,punctual,Goethe A1,goethe-a1;source-patsytau,de,en
Rad fahren,to cycle,Goethe A1,goethe-a1;source-patsytau,de,en
rauchen,to smoke,Goethe A1,goethe-a1;source-patsytau,de,en
"der Raum, -ä, e",room,Goethe A1,goethe-a1;source-patsytau,de,en
"die Rechnung, -en",bill,Goethe A1,goethe-a1;source-patsytau,de,en
rechts,right,Goethe A1,goethe-a1;source-patsytau,de,en
regnen,to rain,Goethe A1,goethe-a1;source-patsytau,de,en
der Regen,rain,Goethe A1,goethe-a1;source-patsytau,de,en
der Reis,rice,Goethe A1,goethe-a1;source-patsytau,de,en
reisen,to travel,Goethe A1,goethe-a1;source-patsytau,de,en
die Reise,journey / trip,Goethe A1,goethe-a1;source-patsytau,de,en
"das Reisebüro, -s",travel agency,Goethe A1,goethe-a1;source-patsytau,de,en
der Reiseführer,travel guide,Goethe A1,goethe-a1;source-patsytau,de,en
der Reiseführer,tour guide,Goethe A1,goethe-a1;source-patsytau,de,en
reparieren,to repair,Goethe A1,goethe-a1;source-patsytau,de,en
die Reparatur,repair,Goethe A1,goethe-a1;source-patsytau,de,en
"das Restaurant, -s",restaurant,Goethe A1,goethe-a1;source-patsytau,de,en
die Rezeption,reception,Goethe A1,goethe-a1;source-patsytau;formal,de,en
richtig,correct,Goethe A1,goethe-a1;source-patsytau,de,en
richtig,right / correct,Goethe A1,goethe-a1;source-patsytau,de,en
riechen,to smell,Goethe A1,goethe-a1;source-patsytau,de,en
ruhig,quiet,Goethe A1,goethe-a1;source-patsytau,de,en
der Saft,juice,Goethe A1,goethe-a1;source-patsytau;informal,de,en
sagen,to say / tell,Goethe A1,goethe-a1;source-patsytau;informal,de,en
der Salat,salad,Goethe A1,goethe-a1;source-patsytau;informal,de,en
das Salz,salt,Goethe A1,goethe-a1;source-patsytau,de,en
"der Satz, -ä, e",sentence,Goethe A1,goethe-a1;source-patsytau,de,en
die S-Bahn,commuter train,Goethe A1,goethe-a1;source-patsytau,de,en
der Schalter,counter,Goethe A1,goethe-a1;source-patsytau;formal,de,en
scheinen,to shine,Goethe A1,goethe-a1;source-patsytau,de,en
schicken,to send,Goethe A1,goethe-a1;source-patsytau;formal,de,en
"das Schild, -er",sign,Goethe A1,goethe-a1;source-patsytau;formal,de,en
"der Schinken, –",ham,Goethe A1,goethe-a1;source-patsytau,de,en
schlafen,to sleep,Goethe A1,goethe-a1;source-patsytau,de,en
schlecht,sick,Goethe A1,goethe-a1;source-patsytau;NB: ill,de,en
schlecht,bad,Goethe A1,goethe-a1;source-patsytau;formal,de,en
schließen,to close,Goethe A1,goethe-a1;source-patsytau;formal,de,en
geschlossen,closed,Goethe A1,goethe-a1;source-patsytau,de,en
der Schluss,…,Goethe A1,goethe-a1;source-patsytau,de,en
der Schluss,end,Goethe A1,goethe-a1;source-patsytau,de,en
"der Schlüssel, –",key,Goethe A1,goethe-a1;source-patsytau;formal,de,en
schmecken,to taste,Goethe A1,goethe-a1;source-patsytau,de,en
schnell,quick / fast,Goethe A1,goethe-a1;source-patsytau,de,en
schon,already,Goethe A1,goethe-a1;source-patsytau,de,en
schön,lovely,Goethe A1,goethe-a1;source-patsytau,de,en
schön,beautiful,Goethe A1,goethe-a1;source-patsytau,de,en
"der Schrank, -ä, e",cupboard,Goethe A1,goethe-a1;source-patsytau,de,en
schreiben,to write,Goethe A1,goethe-a1;source-patsytau,de,en
"der Schuh, -e",shoe,Goethe A1,goethe-a1;source-patsytau,de,en
die Schule,school,Goethe A1,goethe-a1;source-patsytau,de,en
"der Schüler, –",pupil,Goethe A1,goethe-a1;source-patsytau,de,en
schwer,heavy,Goethe A1,goethe-a1;source-patsytau,de,en
schwer,difficult,Goethe A1,goethe-a1;source-patsytau,de,en
"die Schwester, -n",sister,Goethe A1,goethe-a1;source-patsytau,de,en
schwimmen,to swim,Goethe A1,goethe-a1;source-patsytau,de,en
das Schwimmbad,swimming pool,Goethe A1,goethe-a1;source-patsytau;informal,de,en
der See,lake,Goethe A1,goethe-a1;source-patsytau,de,en
sehen,to see,Goethe A1,goethe-a1;source-patsytau;informal,de,en
"die Sehenswürdigkeit, -en",sights/attractions,Goethe A1,goethe-a1;source-patsytau,de,en
sehr,very,Goethe A1,goethe-a1;source-patsytau,de,en
sein,his,Goethe A1,goethe-a1;source-patsytau,de,en
sein,to be,Goethe A1,goethe-a1;source-patsytau,de,en
an sein,to be on,Goethe A1,goethe-a1;source-patsytau,de,en
weg sein,to be gone,Goethe A1,goethe-a1;source-patsytau,de,en
zu sein,to be closed,Goethe A1,goethe-a1;source-patsytau,de,en
seit,for (an amount of time),Goethe A1,goethe-a1;source-patsytau,de,en
selbstständig,independent,Goethe A1,goethe-a1;source-patsytau,de,en
sich,yourself,Goethe A1,goethe-a1;source-patsytau;formal,de,en
sie,she,Goethe A1,goethe-a1;source-patsytau,de,en
Sie,you (polite),Goethe A1,goethe-a1;source-patsytau;formal,de,en
sitzen,to sit,Goethe A1,goethe-a1;source-patsytau;formal,de,en
so,like this,Goethe A1,goethe-a1;source-patsytau;formal,de,en
so,so,Goethe A1,goethe-a1;source-patsytau;formal,de,en
so,as,Goethe A1,goethe-a1;source-patsytau,de,en
das Sofa,sofa,Goethe A1,goethe-a1;source-patsytau,de,en
sofort,immediately,Goethe A1,goethe-a1;source-patsytau;formal,de,en
"der Sohn, -ö, e",son,Goethe A1,goethe-a1;source-patsytau,de,en
sollen,should,Goethe A1,goethe-a1;source-patsytau,de,en
die Sonne,sun,Goethe A1,goethe-a1;source-patsytau,de,en
spät,late,Goethe A1,goethe-a1;source-patsytau,de,en
später,later,Goethe A1,goethe-a1;source-patsytau,de,en
die Speisekarte,menu,Goethe A1,goethe-a1;source-patsytau;formal,de,en
spielen,to play,Goethe A1,goethe-a1;source-patsytau,de,en
der Sport,sport,Goethe A1,goethe-a1;source-patsytau,de,en
"die Sprache, -n",language,Goethe A1,goethe-a1;source-patsytau;informal,de,en
sprechen,to speak,Goethe A1,goethe-a1;source-patsytau,de,en
"die Stadt, -ä, e",town / city,Goethe A1,goethe-a1;source-patsytau,de,en
stehen,to be (written),Goethe A1,goethe-a1;source-patsytau,de,en
stehen,to be (located),Goethe A1,goethe-a1;source-patsytau,de,en
"die Stelle, -n",job / position,Goethe A1,goethe-a1;source-patsytau,de,en
stellen,to put,Goethe A1,goethe-a1;source-patsytau,de,en
der Stock,floor (of a building),Goethe A1,goethe-a1;source-patsytau,de,en
"die Straße, -n",street,Goethe A1,goethe-a1;source-patsytau;formal,de,en
die Straßenbahn,tram,Goethe A1,goethe-a1;source-patsytau,de,en
studieren,to study,Goethe A1,goethe-a1;source-patsytau,de,en
das Studium,degree course,Goethe A1,goethe-a1;source-patsytau,de,en
"der Student, -en",student,Goethe A1,goethe-a1;source-patsytau;NB: female,de,en
"die Stunde, -n",hour,Goethe A1,goethe-a1;source-patsytau,de,en
suchen,to look / search for,Goethe A1,goethe-a1;source-patsytau;informal,de,en
tanzen,to dance,Goethe A1,goethe-a1;source-patsytau;formal,de,en
"die Tasche, -n",bag,Goethe A1,goethe-a1;source-patsytau,de,en
"das Taxi, -s",taxi,Goethe A1,goethe-a1;source-patsytau,de,en
der Tee,tea,Goethe A1,goethe-a1;source-patsytau,de,en
"der Teil, -e",part,Goethe A1,goethe-a1;source-patsytau,de,en
telefonieren,to telephone,Goethe A1,goethe-a1;source-patsytau,de,en
das Telefon,telephone,Goethe A1,goethe-a1;source-patsytau;formal,de,en
"der Termin, -e",appointment,Goethe A1,goethe-a1;source-patsytau,de,en
der Test,test,Goethe A1,goethe-a1;source-patsytau,de,en
teuer,expensive,Goethe A1,goethe-a1;source-patsytau,de,en
"der Text, -e",text,Goethe A1,goethe-a1;source-patsytau;formal,de,en
das Thema,topic,Goethe A1,goethe-a1;source-patsytau,de,en
"das Ticket, -s",ticket,Goethe A1,goethe-a1;source-patsytau,de,en
"der Tisch, -e",table,Goethe A1,goethe-a1;source-patsytau,de,en
"die Tochter, -ö",daughter,Goethe A1,goethe-a1;source-patsytau,de,en
"die Toilette, -en",toilet,Goethe A1,goethe-a1;source-patsytau,de,en
"die Tomate, -n",tomato,Goethe A1,goethe-a1;source-patsytau,de,en
tot,dead,Goethe A1,goethe-a1;source-patsytau,de,en
(sich) treffen,to meet,Goethe A1,goethe-a1;source-patsytau;NB: male,de,en
"die Treppe, -n",stairs,Goethe A1,goethe-a1;source-patsytau,de,en
trinken,to drink,Goethe A1,goethe-a1;source-patsytau;informal,de,en
tschüss,...,Goethe A1,goethe-a1;source-patsytau,de,en
tun,to do,Goethe A1,goethe-a1;source-patsytau,de,en
über,across,Goethe A1,goethe-a1;source-patsytau;formal,de,en
über,above,Goethe A1,goethe-a1;source-patsytau,de,en
über,over,Goethe A1,goethe-a1;source-patsytau;formal,de,en
übernachten,to stay overnight,Goethe A1,goethe-a1;source-patsytau;informal,de,en
überweisen,to transfer,Goethe A1,goethe-a1;source-patsytau;formal,de,en
die Uhr,o'clock / am / pm,Goethe A1,goethe-a1;source-patsytau,de,en
um,at,Goethe A1,goethe-a1;source-patsytau,de,en
um,around,Goethe A1,goethe-a1;source-patsytau,de,en
umziehen,to move (residence),Goethe A1,goethe-a1;source-patsytau,de,en
und,and,Goethe A1,goethe-a1;source-patsytau,de,en
unser-,our,Goethe A1,goethe-a1;source-patsytau;NB: female,de,en
unten,at the bottom,Goethe A1,goethe-a1;source-patsytau,de,en
unter,below,Goethe A1,goethe-a1;source-patsytau,de,en
der Unterricht,class,Goethe A1,goethe-a1;source-patsytau,de,en
unterschreiben,to sign,Goethe A1,goethe-a1;source-patsytau,de,en
die Unterschrift,signature,Goethe A1,goethe-a1;source-patsytau,de,en
der Urlaub,holiday,Goethe A1,goethe-a1;source-patsytau,de,en
"der Vater, -ä",father,Goethe A1,goethe-a1;source-patsytau,de,en
verboten,forbidden,Goethe A1,goethe-a1;source-patsytau,de,en
verdienen,to earn,Goethe A1,goethe-a1;source-patsytau,de,en
der Verein,club,Goethe A1,goethe-a1;source-patsytau,de,en
verheiratet,married,Goethe A1,goethe-a1;source-patsytau,de,en
verkaufen,to sell,Goethe A1,goethe-a1;source-patsytau,de,en
"der Verkäufer, –",salesperson,Goethe A1,goethe-a1;source-patsytau,de,en
vermieten,to rent out,Goethe A1,goethe-a1;source-patsytau,de,en
der Vermieter,landlord,Goethe A1,goethe-a1;source-patsytau,de,en
verstehen,to understand,Goethe A1,goethe-a1;source-patsytau;formal,de,en
"der Verwandte, -n",relative,Goethe A1,goethe-a1;source-patsytau,de,en
viel,a lot,Goethe A1,goethe-a1;source-patsytau,de,en
vielleicht,perhaps / may(be),Goethe A1,goethe-a1;source-patsytau,de,en
von,"of (possessive “s"")",Goethe A1,goethe-a1;source-patsytau,de,en
von,from,Goethe A1,goethe-a1;source-patsytau,de,en
vor,ago,Goethe A1,goethe-a1;source-patsytau,de,en
vor,in front of,Goethe A1,goethe-a1;source-patsytau,de,en
"der Vorname, -n",first name,Goethe A1,goethe-a1;source-patsytau,de,en
die Vorsicht,…,Goethe A1,goethe-a1;source-patsytau,de,en
die Vorsicht,attention,Goethe A1,goethe-a1;source-patsytau,de,en
(sich) vorstellen,to introduce,Goethe A1,goethe-a1;source-patsytau;formal,de,en
die Vorwahl,area code,Goethe A1,goethe-a1;source-patsytau,de,en
wandern,to hike,Goethe A1,goethe-a1;source-patsytau,de,en
wann,when,Goethe A1,goethe-a1;source-patsytau;informal,de,en
warten,to wait,Goethe A1,goethe-a1;source-patsytau;formal,de,en
warum,why,Goethe A1,goethe-a1;source-patsytau,de,en
was,what,Goethe A1,goethe-a1;source-patsytau,de,en
was für ein,what kind of,Goethe A1,goethe-a1;source-patsytau;formal,de,en
(sich) waschen,to wash,Goethe A1,goethe-a1;source-patsytau,de,en
das Wasser,water,Goethe A1,goethe-a1;source-patsytau,de,en
weh tun,to hurt,Goethe A1,goethe-a1;source-patsytau,de,en
weiblich,female,Goethe A1,goethe-a1;source-patsytau;formal,de,en
der Wein,wine,Goethe A1,goethe-a1;source-patsytau,de,en
weit,far,Goethe A1,goethe-a1;source-patsytau,de,en
weiter,further,Goethe A1,goethe-a1;source-patsytau,de,en
welch-,which,Goethe A1,goethe-a1;source-patsytau;informal,de,en
die Welt,world,Goethe A1,goethe-a1;source-patsytau,de,en
wenig,little / not very much,Goethe A1,goethe-a1;source-patsytau,de,en
wenig,little,Goethe A1,goethe-a1;source-patsytau,de,en
wer,who,Goethe A1,goethe-a1;source-patsytau,de,en
werden,to become,Goethe A1,goethe-a1;source-patsytau,de,en
das Wetter,weather,Goethe A1,goethe-a1;source-patsytau,de,en
wichtig,important,Goethe A1,goethe-a1;source-patsytau,de,en
wie,what,Goethe A1,goethe-a1;source-patsytau;informal,de,en
wie,like,Goethe A1,goethe-a1;source-patsytau,de,en
wie,as,Goethe A1,goethe-a1;source-patsytau,de,en
wie,how,Goethe A1,goethe-a1;source-patsytau,de,en
wie,…,Goethe A1,goethe-a1;source-patsytau,de,en
wiederholen,to repeat,Goethe A1,goethe-a1;source-patsytau;formal,de,en
das Wiederhören,…,Goethe A1,goethe-a1;source-patsytau;NB: used on the telephone,de,en
das Wiedersehen,…,Goethe A1,goethe-a1;source-patsytau;lit: “until we see each other again”,de,en
wie viel,how much,Goethe A1,goethe-a1;source-patsytau;formal,de,en
willkommen,…,Goethe A1,goethe-a1;source-patsytau,de,en
der Wind,wind,Goethe A1,goethe-a1;source-patsytau,de,en
wir,we,Goethe A1,goethe-a1;source-patsytau,de,en
wissen,to know,Goethe A1,goethe-a1;source-patsytau;informal,de,en
wo,where,Goethe A1,goethe-a1;source-patsytau;formal,de,en
woher,from where,Goethe A1,goethe-a1;source-patsytau;formal,de,en
wohin,to where,Goethe A1,goethe-a1;source-patsytau,de,en
wohnen,to live,Goethe A1,goethe-a1;source-patsytau,de,en
"die Wohnung, -en",flat,Goethe A1,goethe-a1;source-patsytau;NB: for how long...? formal,de,en
wollen,to want,Goethe A1,goethe-a1;source-patsytau;formal,de,en
"das Wort, -ö, er/-e",word,Goethe A1,goethe-a1;source-patsytau,de,en
wunderbar,wonderful,Goethe A1,goethe-a1;source-patsytau,de,en
zahlen,to pay,Goethe A1,goethe-a1;source-patsytau,de,en
die Zeit,time,Goethe A1,goethe-a1;source-patsytau,de,en
zurzeit,at the moment,Goethe A1,goethe-a1;source-patsytau,de,en
"die Zeitung, -en",newspaper,Goethe A1,goethe-a1;source-patsytau,de,en
"die Zigarette, -n",cigarette,Goethe A1,goethe-a1;source-patsytau,de,en
"das Zimmer, –",room,Goethe A1,goethe-a1;source-patsytau,de,en
der Zoll,customs,Goethe A1,goethe-a1;source-patsytau,de,en
zu,to,Goethe A1,goethe-a1;source-patsytau,de,en
zu,by,Goethe A1,goethe-a1;source-patsytau,de,en
zu,at,Goethe A1,goethe-a1;source-patsytau,de,en
zufrieden,happy,Goethe A1,goethe-a1;source-patsytau,de,en
"der Zug, -ü, e",train,Goethe A1,goethe-a1;source-patsytau,de,en
zurück,return,Goethe A1,goethe-a1;source-patsytau,de,en
zurück,back,Goethe A1,goethe-a1;source-patsytau;informal,de,en
zusammen,together,Goethe A1,goethe-a1;source-patsytau,de,en
zwischen,between,Goethe A1,goethe-a1;source-patsytau,de,en
